{"cameraMode":{"drawMode":0,"name":"Shaded","section":"Shading Mode"},"sceneLighting":false,"audioPlay":false,"sceneViewState":{"m_AlwaysRefresh":false,"showFog":true,"showSkybox":false,"showFlares":true,"showImageEffects":true,"showParticleSystems":true,"showVisualEffectGraphs":true,"m_FxEnabled":true},"in2DMode":false,"pivot":{"x":-4.372226238250732,"y":1.6775732040405274,"z":-13.239282608032227},"rotation":{"x":0.02552640624344349,"y":0.6544051170349121,"z":-0.02140791155397892,"w":0.7556431889533997},"size":0.4756522476673126,"orthographic":false}