{"cameraMode":{"drawMode":0,"name":"Shaded","section":"Shading Mode"},"sceneLighting":false,"audioPlay":false,"sceneViewState":{"m_AlwaysRefresh":false,"showFog":true,"showSkybox":false,"showFlares":true,"showImageEffects":true,"showParticleSystems":true,"showVisualEffectGraphs":true,"m_FxEnabled":true},"in2DMode":false,"pivot":{"x":-6.284822463989258,"y":2.0781829357147219,"z":-13.496537208557129},"rotation":{"x":0.12486787885427475,"y":0.6524108052253723,"z":-0.10948432236909867,"w":0.7396854758262634},"size":0.4756522476673126,"orthographic":false}