{"cameraMode":{"drawMode":0,"name":"Shaded","section":"Shading Mode"},"sceneLighting":false,"audioPlay":false,"sceneViewState":{"m_AlwaysRefresh":false,"showFog":true,"showSkybox":true,"showFlares":true,"showImageEffects":true,"showParticleSystems":true,"showVisualEffectGraphs":true,"m_FxEnabled":true},"in2DMode":false,"pivot":{"x":63.21822738647461,"y":17.38625717163086,"z":-40.61228942871094},"rotation":{"x":0.4454030394554138,"y":0.054559096693992618,"z":-0.029673170298337938,"w":0.8941379189491272},"size":2.4101922512054445,"orthographic":false}