{"cameraMode":{"drawMode":0,"name":"Shaded","section":"Shading Mode"},"sceneLighting":true,"audioPlay":false,"sceneViewState":{"m_AlwaysRefresh":false,"showFog":true,"showSkybox":true,"showFlares":true,"showImageEffects":true,"showParticleSystems":true,"showVisualEffectGraphs":true,"m_FxEnabled":true},"in2DMode":false,"pivot":{"x":3.5339736938476564,"y":-11.132179260253907,"z":22.22199249267578},"rotation":{"x":0.22533564269542695,"y":-0.5362908840179443,"z":0.15120553970336915,"w":0.7992278337478638},"size":25.748912811279298,"orthographic":false}