{"cameraMode":{"drawMode":0,"name":"Shaded","section":"Shading Mode"},"sceneLighting":true,"audioPlay":false,"sceneViewState":{"m_AlwaysRefresh":false,"showFog":true,"showSkybox":true,"showFlares":true,"showImageEffects":true,"showParticleSystems":true,"showVisualEffectGraphs":true,"m_FxEnabled":true},"in2DMode":false,"pivot":{"x":28.86557960510254,"y":-4.6571173667907719,"z":12.258357048034668},"rotation":{"x":0.009944915771484375,"y":-0.9744023084640503,"z":0.22030586004257203,"w":0.04832249879837036},"size":5.79827880859375,"orthographic":false}