{"cameraMode":{"drawMode":0,"name":"Shaded","section":"Shading Mode"},"sceneLighting":false,"audioPlay":false,"sceneViewState":{"m_AlwaysRefresh":false,"showFog":true,"showSkybox":true,"showFlares":true,"showImageEffects":true,"showParticleSystems":true,"showVisualEffectGraphs":true,"m_FxEnabled":true},"in2DMode":false,"pivot":{"x":-105.94735717773438,"y":-0.33776623010635378,"z":-9.044278144836426},"rotation":{"x":-0.06622905284166336,"y":-0.3982357978820801,"z":0.02887069061398506,"w":-0.9144697785377502},"size":12.124356269836426,"orthographic":false}