{"cameraMode":{"drawMode":0,"name":"Shaded","section":"Shading Mode"},"sceneLighting":false,"audioPlay":false,"sceneViewState":{"m_AlwaysRefresh":false,"showFog":true,"showSkybox":true,"showFlares":true,"showImageEffects":true,"showParticleSystems":true,"showVisualEffectGraphs":true,"m_FxEnabled":true},"in2DMode":false,"pivot":{"x":90.14835357666016,"y":12.537344932556153,"z":-34.582340240478519},"rotation":{"x":-0.08054923266172409,"y":-0.06317471712827683,"z":0.014091379940509797,"w":-0.995592474937439},"size":1.0970454216003419,"orthographic":false}