{"cameraMode":{"drawMode":0,"name":"Shaded","section":"Shading Mode"},"sceneLighting":true,"audioPlay":false,"sceneViewState":{"m_AlwaysRefresh":false,"showFog":true,"showSkybox":true,"showFlares":true,"showImageEffects":true,"showParticleSystems":true,"showVisualEffectGraphs":true,"m_FxEnabled":true},"in2DMode":false,"pivot":{"x":91.16596984863281,"y":12.782158851623536,"z":-37.556861877441409},"rotation":{"x":-0.009885912761092186,"y":-0.9550392031669617,"z":-0.04219210892915726,"w":0.2961549758911133},"size":0.47463640570640566,"orthographic":false}