{"cameraMode":{"drawMode":0,"name":"Shaded","section":"Shading Mode"},"sceneLighting":true,"audioPlay":false,"sceneViewState":{"m_AlwaysRefresh":false,"showFog":true,"showSkybox":true,"showFlares":true,"showImageEffects":true,"showParticleSystems":true,"showVisualEffectGraphs":true,"m_FxEnabled":true},"in2DMode":false,"pivot":{"x":-13.096320152282715,"y":-5.078566551208496,"z":-0.5680007934570313},"rotation":{"x":0.22499656677246095,"y":0.10585902631282807,"z":-0.024944715201854707,"w":0.9684756994247437},"size":12.12435531616211,"orthographic":false}