{"cameraMode":{"drawMode":0,"name":"Shaded","section":"Shading Mode"},"sceneLighting":true,"audioPlay":false,"sceneViewState":{"m_AlwaysRefresh":false,"showFog":true,"showSkybox":true,"showFlares":true,"showImageEffects":true,"showParticleSystems":true,"showVisualEffectGraphs":true,"m_FxEnabled":true},"in2DMode":false,"pivot":{"x":-10.709090232849121,"y":-9.520170211791993,"z":-29.06726837158203},"rotation":{"x":-0.003268619766458869,"y":-0.8827515244483948,"z":0.47005972266197207,"w":-0.0053317672573029999},"size":16.8564510345459,"orthographic":false}