{"cameraMode":{"drawMode":0,"name":"Shaded","section":"Shading Mode"},"sceneLighting":false,"audioPlay":false,"sceneViewState":{"m_AlwaysRefresh":false,"showFog":true,"showSkybox":false,"showFlares":true,"showImageEffects":true,"showParticleSystems":true,"showVisualEffectGraphs":true,"m_FxEnabled":true},"in2DMode":false,"pivot":{"x":0.38295453786849978,"y":0.11922124028205872,"z":1.244523048400879},"rotation":{"x":-0.056737951934337619,"y":0.8504003286361694,"z":-0.09375916421413422,"w":-0.5146222114562988},"size":0.5385066270828247,"orthographic":false}