{"cameraMode":{"drawMode":0,"name":"Shaded","section":"Shading Mode"},"sceneLighting":false,"audioPlay":false,"sceneViewState":{"m_AlwaysRefresh":false,"showFog":true,"showSkybox":false,"showFlares":true,"showImageEffects":true,"showParticleSystems":true,"showVisualEffectGraphs":true,"m_FxEnabled":true},"in2DMode":false,"pivot":{"x":0.3765563666820526,"y":0.4340008795261383,"z":-0.20482826232910157},"rotation":{"x":0.3427540063858032,"y":-0.006634242832660675,"z":0.0025887314695864918,"w":0.9395410418510437},"size":0.6030913591384888,"orthographic":false}