{"cameraMode":{"drawMode":0,"name":"Shaded","section":"Shading Mode"},"sceneLighting":false,"audioPlay":false,"sceneViewState":{"m_AlwaysRefresh":false,"showFog":true,"showSkybox":false,"showFlares":true,"showImageEffects":true,"showParticleSystems":true,"showVisualEffectGraphs":true,"m_FxEnabled":true},"in2DMode":false,"pivot":{"x":-3.5199999809265138,"y":0.12999999523162843,"z":-25.670000076293947},"rotation":{"x":-0.042966924607753757,"y":-0.9196059107780457,"z":0.37668389081954958,"w":-0.10399384051561356},"size":0.6505581736564636,"orthographic":false}