{"cameraMode":{"drawMode":0,"name":"Shaded","section":"Shading Mode"},"sceneLighting":false,"audioPlay":false,"sceneViewState":{"m_AlwaysRefresh":false,"showFog":true,"showSkybox":false,"showFlares":true,"showImageEffects":true,"showParticleSystems":true,"showVisualEffectGraphs":true,"m_FxEnabled":true},"in2DMode":false,"pivot":{"x":1.606524109840393,"y":1.9706438779830933,"z":2.1228325366973879},"rotation":{"x":0.042898066341876987,"y":-0.9418443441390991,"z":0.3072144091129303,"w":0.13144291937351228},"size":6.433780193328857,"orthographic":false}