{"cameraMode":{"drawMode":0,"name":"Shaded","section":"Shading Mode"},"sceneLighting":false,"audioPlay":false,"sceneViewState":{"m_AlwaysRefresh":false,"showFog":true,"showSkybox":false,"showFlares":true,"showImageEffects":true,"showParticleSystems":true,"showVisualEffectGraphs":true,"m_FxEnabled":true},"in2DMode":false,"pivot":{"x":1.0345951318740845,"y":8.635897636413575,"z":-6.913150787353516},"rotation":{"x":-0.14519146084785462,"y":0.03907397761940956,"z":-0.005925924517214298,"w":-0.9887536764144898},"size":1.4028260707855225,"orthographic":false}