{"cameraMode":{"drawMode":0,"name":"Shaded","section":"Shading Mode"},"sceneLighting":false,"audioPlay":false,"sceneViewState":{"m_AlwaysRefresh":false,"showFog":true,"showSkybox":false,"showFlares":true,"showImageEffects":true,"showParticleSystems":true,"showVisualEffectGraphs":true,"m_FxEnabled":true},"in2DMode":false,"pivot":{"x":4.712263107299805,"y":-2.4478814601898195,"z":-4.898470878601074},"rotation":{"x":0.06957908719778061,"y":-0.8996591567993164,"z":0.40212488174438479,"w":0.15605206787586213},"size":7.4440741539001469,"orthographic":false}