{"cameraMode":{"drawMode":0,"name":"Shaded","section":"Shading Mode"},"sceneLighting":false,"audioPlay":false,"sceneViewState":{"m_AlwaysRefresh":false,"showFog":true,"showSkybox":false,"showFlares":true,"showImageEffects":true,"showParticleSystems":true,"showVisualEffectGraphs":true,"m_FxEnabled":true},"in2DMode":false,"pivot":{"x":-0.5073375701904297,"y":0.2695760130882263,"z":-0.2419263869524002},"rotation":{"x":0.019382011145353318,"y":-0.9600639343261719,"z":-0.27611836791038515,"w":-0.05797015503048897},"size":0.4898979663848877,"orthographic":false}