{"cameraMode":{"drawMode":0,"name":"Shaded","section":"Shading Mode"},"sceneLighting":false,"audioPlay":false,"sceneViewState":{"m_AlwaysRefresh":false,"showFog":true,"showSkybox":false,"showFlares":true,"showImageEffects":true,"showParticleSystems":true,"showVisualEffectGraphs":true,"m_FxEnabled":true},"in2DMode":false,"pivot":{"x":0.7409505844116211,"y":-0.052181925624608996,"z":0.3646746277809143},"rotation":{"x":-0.04784847050905228,"y":-0.9500362873077393,"z":-0.23276345431804658,"w":0.20655310153961183},"size":0.4898979663848877,"orthographic":false}