{"cameraMode":{"drawMode":0,"name":"Shaded","section":"Shading Mode"},"sceneLighting":false,"audioPlay":false,"sceneViewState":{"m_AlwaysRefresh":false,"showFog":true,"showSkybox":false,"showFlares":true,"showImageEffects":true,"showParticleSystems":true,"showVisualEffectGraphs":true,"m_FxEnabled":true},"in2DMode":false,"pivot":{"x":9.359912872314454,"y":-106.16104125976563,"z":-31.524690628051759},"rotation":{"x":-0.013217446394264698,"y":-0.8069412112236023,"z":0.5905736684799194,"w":-0.016741639003157617},"size":60.78936767578125,"orthographic":false}