{"cameraMode":{"drawMode":0,"name":"Shaded","section":"Shading Mode"},"sceneLighting":false,"audioPlay":false,"sceneViewState":{"m_AlwaysRefresh":false,"showFog":true,"showSkybox":false,"showFlares":true,"showImageEffects":true,"showParticleSystems":true,"showVisualEffectGraphs":true,"m_FxEnabled":true},"in2DMode":false,"pivot":{"x":-0.8245214223861694,"y":-31.31841468811035,"z":-28.36449432373047},"rotation":{"x":-0.027527106925845147,"y":0.9173747897148132,"z":-0.39203161001205447,"w":-0.06584085524082184},"size":28.334165573120118,"orthographic":false}