{"cameraMode":{"drawMode":0,"name":"Shaded","section":"Shading Mode"},"sceneLighting":false,"audioPlay":false,"sceneViewState":{"m_AlwaysRefresh":false,"showFog":true,"showSkybox":false,"showFlares":true,"showImageEffects":true,"showParticleSystems":true,"showVisualEffectGraphs":true,"m_FxEnabled":true},"in2DMode":false,"pivot":{"x":0.5498684644699097,"y":-96.60795593261719,"z":-60.94256591796875},"rotation":{"x":0.006336878519505262,"y":-0.879176914691925,"z":0.47667527198791506,"w":0.013273081742227078},"size":71.76143646240235,"orthographic":false}