{"cameraMode":{"drawMode":0,"name":"Shaded","section":"Shading Mode"},"sceneLighting":false,"audioPlay":false,"sceneViewState":{"m_AlwaysRefresh":false,"showFog":true,"showSkybox":false,"showFlares":true,"showImageEffects":true,"showParticleSystems":true,"showVisualEffectGraphs":true,"m_FxEnabled":true},"in2DMode":false,"pivot":{"x":-0.8439115285873413,"y":4.281308650970459,"z":3.9209132194519045},"rotation":{"x":0.0036260236520320179,"y":-0.9049585461616516,"z":0.42583709955215456,"w":0.00955271814018488},"size":1.3901442289352418,"orthographic":false}