{"cameraMode":{"drawMode":0,"name":"Shaded","section":"Shading Mode"},"sceneLighting":false,"audioPlay":false,"sceneViewState":{"m_AlwaysRefresh":false,"showFog":true,"showSkybox":false,"showFlares":true,"showImageEffects":true,"showParticleSystems":true,"showVisualEffectGraphs":true,"m_FxEnabled":true},"in2DMode":false,"pivot":{"x":-0.842031717300415,"y":-0.48430588841438296,"z":-0.8795695900917053},"rotation":{"x":-0.010831013321876526,"y":-0.9750206470489502,"z":0.21731464564800263,"w":-0.04759278893470764},"size":3.499209403991699,"orthographic":false}