{"cameraMode":{"drawMode":0,"name":"Shaded","section":"Shading Mode"},"sceneLighting":false,"audioPlay":false,"sceneViewState":{"m_AlwaysRefresh":false,"showFog":true,"showSkybox":false,"showFlares":true,"showImageEffects":true,"showParticleSystems":true,"showVisualEffectGraphs":true,"m_FxEnabled":true},"in2DMode":false,"pivot":{"x":-0.38681238889694216,"y":4.152933120727539,"z":-3.133937358856201},"rotation":{"x":0.0000763282150728628,"y":-0.9981193542480469,"z":0.06327509880065918,"w":0.00518418662250042},"size":5.668172359466553,"orthographic":false}