{"cameraMode":{"drawMode":0,"name":"Shaded","section":"Shading Mode"},"sceneLighting":false,"audioPlay":false,"sceneViewState":{"m_AlwaysRefresh":false,"showFog":true,"showSkybox":false,"showFlares":true,"showImageEffects":true,"showParticleSystems":true,"showVisualEffectGraphs":true,"m_FxEnabled":true},"in2DMode":false,"pivot":{"x":0.27526289224624636,"y":1.9765617847442628,"z":1.0264978408813477},"rotation":{"x":0.00005846832937095314,"y":0.9980902671813965,"z":0.06415719538927078,"w":0.003238868899643421},"size":3.499209403991699,"orthographic":false}