{"cameraMode":{"drawMode":0,"name":"Shaded","section":"Shading Mode"},"sceneLighting":false,"audioPlay":false,"sceneViewState":{"m_AlwaysRefresh":false,"showFog":true,"showSkybox":false,"showFlares":true,"showImageEffects":true,"showParticleSystems":true,"showVisualEffectGraphs":true,"m_FxEnabled":true},"in2DMode":false,"pivot":{"x":-2.3674566745758058,"y":1.7608948945999146,"z":8.886712074279786},"rotation":{"x":-0.009590473026037217,"y":-0.8359360098838806,"z":-0.014875264838337899,"w":0.5490741729736328},"size":5.716270923614502,"orthographic":false}