{"cameraMode":{"drawMode":0,"name":"Shaded","section":"Shading Mode"},"sceneLighting":false,"audioPlay":false,"sceneViewState":{"m_AlwaysRefresh":false,"showFog":true,"showSkybox":false,"showFlares":true,"showImageEffects":true,"showParticleSystems":true,"showVisualEffectGraphs":true,"m_FxEnabled":true},"in2DMode":false,"pivot":{"x":-8.940696716308594e-8,"y":0.17800122499465943,"z":1.4901161193847657e-8},"rotation":{"x":-0.008343694731593132,"y":-0.9347434639930725,"z":0.35536980628967287,"w":-0.021788230165839196},"size":0.25308582186698916,"orthographic":false}