{"cameraMode":{"drawMode":0,"name":"Shaded","section":"Shading Mode"},"sceneLighting":false,"audioPlay":false,"sceneViewState":{"m_AlwaysRefresh":false,"showFog":true,"showSkybox":false,"showFlares":true,"showImageEffects":true,"showParticleSystems":true,"showVisualEffectGraphs":true,"m_FxEnabled":true},"in2DMode":false,"pivot":{"x":0.6308218240737915,"y":0.5259299278259277,"z":0.15058517456054688},"rotation":{"x":-0.012829244136810303,"y":-0.8709203004837036,"z":0.490940660238266,"w":-0.02233031764626503},"size":1.793028473854065,"orthographic":false}