{"cameraMode":{"drawMode":0,"name":"Shaded","section":"Shading Mode"},"sceneLighting":false,"audioPlay":false,"sceneViewState":{"m_AlwaysRefresh":false,"showFog":true,"showSkybox":false,"showFlares":true,"showImageEffects":true,"showParticleSystems":true,"showVisualEffectGraphs":true,"m_FxEnabled":true},"in2DMode":false,"pivot":{"x":1.1920928955078126e-7,"y":1.1434085369110108,"z":8.940696716308594e-7},"rotation":{"x":0.09232969582080841,"y":-0.9053378105163574,"z":0.32721656560897829,"w":0.255629301071167},"size":1.3130534887313843,"orthographic":false}