{"cameraMode":{"drawMode":0,"name":"Shaded","section":"Shading Mode"},"sceneLighting":false,"audioPlay":false,"sceneViewState":{"m_AlwaysRefresh":false,"showFog":true,"showSkybox":false,"showFlares":true,"showImageEffects":true,"showParticleSystems":true,"showVisualEffectGraphs":true,"m_FxEnabled":true},"in2DMode":false,"pivot":{"x":4.76837158203125e-7,"y":0.9249404072761536,"z":-0.039804041385650638},"rotation":{"x":-0.4602191746234894,"y":-0.22925584018230439,"z":0.12412728369235993,"w":-0.8487682342529297},"size":2.4868810176849367,"orthographic":false}