{"cameraMode":{"drawMode":0,"name":"Shaded","section":"Shading Mode"},"sceneLighting":false,"audioPlay":false,"sceneViewState":{"m_AlwaysRefresh":false,"showFog":true,"showSkybox":false,"showFlares":true,"showImageEffects":true,"showParticleSystems":true,"showVisualEffectGraphs":true,"m_FxEnabled":true},"in2DMode":false,"pivot":{"x":0.32416394352912905,"y":-0.06566357612609863,"z":-0.8406405448913574},"rotation":{"x":0.38839057087898257,"y":0.041730914264917377,"z":-0.017612678930163385,"w":0.920404851436615},"size":2.4868810176849367,"orthographic":false}