{"cameraMode":{"drawMode":0,"name":"Shaded","section":"Shading Mode"},"sceneLighting":false,"audioPlay":false,"sceneViewState":{"m_AlwaysRefresh":false,"showFog":true,"showSkybox":false,"showFlares":true,"showImageEffects":true,"showParticleSystems":true,"showVisualEffectGraphs":true,"m_FxEnabled":true},"in2DMode":false,"pivot":{"x":-0.5390093326568604,"y":-1.0269672870635987,"z":-5.467405319213867},"rotation":{"x":-0.023299651220440866,"y":0.9744272232055664,"z":-0.18823128938674928,"w":-0.12113166600465775},"size":3.3934860229492189,"orthographic":false}