{"cameraMode":{"drawMode":0,"name":"Shaded","section":"Shading Mode"},"sceneLighting":false,"audioPlay":false,"sceneViewState":{"m_AlwaysRefresh":false,"showFog":true,"showSkybox":false,"showFlares":true,"showImageEffects":true,"showParticleSystems":true,"showVisualEffectGraphs":true,"m_FxEnabled":true},"in2DMode":false,"pivot":{"x":4.657619953155518,"y":1.5987533330917359,"z":1.3147238492965699},"rotation":{"x":-0.08539789915084839,"y":0.7102431058883667,"z":0.08767703920602799,"w":0.6933469176292419},"size":3.3934860229492189,"orthographic":false}