{"cameraMode":{"drawMode":0,"name":"Shaded","section":"Shading Mode"},"sceneLighting":false,"audioPlay":false,"sceneViewState":{"m_AlwaysRefresh":false,"showFog":true,"showSkybox":false,"showFlares":true,"showImageEffects":true,"showParticleSystems":true,"showVisualEffectGraphs":true,"m_FxEnabled":true},"in2DMode":false,"pivot":{"x":1.3366527557373047,"y":2.7909297943115236,"z":-1.8614134788513184},"rotation":{"x":0.19383510947227479,"y":-0.6894246935844421,"z":0.20013076066970826,"w":0.668836772441864},"size":4.0400614738464359,"orthographic":false}