{"cameraMode":{"drawMode":0,"name":"Shaded","section":"Shading Mode"},"sceneLighting":false,"audioPlay":false,"sceneViewState":{"m_AlwaysRefresh":false,"showFog":true,"showSkybox":false,"showFlares":true,"showImageEffects":true,"showParticleSystems":true,"showVisualEffectGraphs":true,"m_FxEnabled":true},"in2DMode":false,"pivot":{"x":-22.838462829589845,"y":0.4279349744319916,"z":-15.349081039428711},"rotation":{"x":-0.03490802273154259,"y":-0.9193428754806519,"z":0.08316795527935028,"w":-0.38326671719551089},"size":0.24494928121566773,"orthographic":false}