{"cameraMode":{"drawMode":0,"name":"Shaded","section":"Shading Mode"},"sceneLighting":false,"audioPlay":false,"sceneViewState":{"m_AlwaysRefresh":false,"showFog":true,"showSkybox":false,"showFlares":true,"showImageEffects":true,"showParticleSystems":true,"showVisualEffectGraphs":true,"m_FxEnabled":true},"in2DMode":false,"pivot":{"x":-1.6966798305511475,"y":2.6714627742767336,"z":-0.49610018730163576},"rotation":{"x":0.006506360601633787,"y":-0.9874410033226013,"z":0.15259118378162385,"w":0.04368879646062851},"size":4.326176643371582,"orthographic":false}