{"cameraMode":{"drawMode":0,"name":"Shaded","section":"Shading Mode"},"sceneLighting":false,"audioPlay":false,"sceneViewState":{"m_AlwaysRefresh":false,"showFog":true,"showSkybox":false,"showFlares":true,"showImageEffects":true,"showParticleSystems":true,"showVisualEffectGraphs":true,"m_FxEnabled":true},"in2DMode":false,"pivot":{"x":-0.000003814697265625,"y":2.302814483642578,"z":-4.76837158203125e-7},"rotation":{"x":-0.008343694731593132,"y":-0.9347434639930725,"z":0.35536980628967287,"w":-0.021788230165839196},"size":8.782200813293457,"orthographic":false}